{
    "loss": 0.6619377732276917,
    "accuracy": 0.5625,
    "precision": 0.48412698412698413,
    "recall": 0.782051282051282,
    "f1": 0.5980392156862745
}